Workbook

Sheet 📋 Scores
A1: ⚽ TOURNOI FIFA — SCORES
A2: # | B2: Domicile | C2: Score | D2: vs | E2: Score | F2: Extérieur | G2: Résultat | H2: J
A3: JOURNÉE 1
A4: 1.1 | B4: Dan | D4: — | F4: Bryan | G4: =IF(OR(C4="",E4=""),"",IF(C4>E4,B4&" 🏆",IF(C4<E4,F4&" 🏆","Match Nul ✌"))) | H4: 1
A5: 1.2 | B5: Lucas | D5: — | F5: Justinio | G5: =IF(OR(C5="",E5=""),"",IF(C5>E5,B5&" 🏆",IF(C5<E5,F5&" 🏆","Match Nul ✌"))) | H5: 1
A6: 1.3 | B6: Valentin | D6: — | F6: Cédric | G6: =IF(OR(C6="",E6=""),"",IF(C6>E6,B6&" 🏆",IF(C6<E6,F6&" 🏆","Match Nul ✌"))) | H6: 1
A8: JOURNÉE 2
A9: 2.1 | B9: Dan | D9: — | F9: Justinio | G9: =IF(OR(C9="",E9=""),"",IF(C9>E9,B9&" 🏆",IF(C9<E9,F9&" 🏆","Match Nul ✌"))) | H9: 2
A10: 2.2 | B10: Bryan | D10: — | F10: Cédric | G10: =IF(OR(C10="",E10=""),"",IF(C10>E10,B10&" 🏆",IF(C10<E10,F10&" 🏆","Match Nul ✌"))) | H10: 2
A11: 2.3 | B11: Lucas | D11: — | F11: Valentin | G11: =IF(OR(C11="",E11=""),"",IF(C11>E11,B11&" 🏆",IF(C11<E11,F11&" 🏆","Match Nul ✌"))) | H11: 2
A13: JOURNÉE 3
A14: 3.1 | B14: Dan | D14: — | F14: Cédric | G14: =IF(OR(C14="",E14=""),"",IF(C14>E14,B14&" 🏆",IF(C14<E14,F14&" 🏆","Match Nul ✌"))) | H14: 3
A15: 3.2 | B15: Justinio | D15: — | F15: Valentin | G15: =IF(OR(C15="",E15=""),"",IF(C15>E15,B15&" 🏆",IF(C15<E15,F15&" 🏆","Match Nul ✌"))) | H15: 3
A16: 3.3 | B16: Bryan | D16: — | F16: Lucas | G16: =IF(OR(C16="",E16=""),"",IF(C16>E16,B16&" 🏆",IF(C16<E16,F16&" 🏆","Match Nul ✌"))) | H16: 3
A18: JOURNÉE 4
A19: 4.1 | B19: Dan | D19: — | F19: Valentin | G19: =IF(OR(C19="",E19=""),"",IF(C19>E19,B19&" 🏆",IF(C19<E19,F19&" 🏆","Match Nul ✌"))) | H19: 4
A20: 4.2 | B20: Cédric | D20: — | F20: Lucas | G20: =IF(OR(C20="",E20=""),"",IF(C20>E20,B20&" 🏆",IF(C20<E20,F20&" 🏆","Match Nul ✌"))) | H20: 4
A21: 4.3 | B21: Justinio | D21: — | F21: Bryan | G21: =IF(OR(C21="",E21=""),"",IF(C21>E21,B21&" 🏆",IF(C21<E21,F21&" 🏆","Match Nul ✌"))) | H21: 4
A23: JOURNÉE 5
A24: 5.1 | B24: Dan | D24: — | F24: Lucas | G24: =IF(OR(C24="",E24=""),"",IF(C24>E24,B24&" 🏆",IF(C24<E24,F24&" 🏆","Match Nul ✌"))) | H24: 5
A25: 5.2 | B25: Valentin | D25: — | F25: Bryan | G25: =IF(OR(C25="",E25=""),"",IF(C25>E25,B25&" 🏆",IF(C25<E25,F25&" 🏆","Match Nul ✌"))) | H25: 5
A26: 5.3 | B26: Cédric | D26: — | F26: Justinio | G26: =IF(OR(C26="",E26=""),"",IF(C26>E26,B26&" 🏆",IF(C26<E26,F26&" 🏆","Match Nul ✌"))) | H26: 5

Sheet 🏆 Classement
A1: 🏆 CLASSEMENT — TOURNOI FIFA
A2: Classement mis à jour automatiquement · Saisir les scores dans l'onglet 📋 Scores
A3: # | B3: 🏅 | C3: Joueur | D3: MJ | E3: V | F3: N | G3: D | H3: BP | I3: BC | J3: +/- | K3: Pts
A4: 1 | B4: 🥇 | C4: =INDEX('📊 Data'!A22:A27,MATCH(LARGE('📊 Data'!K22:K27,1),'📊 Data'!K22:K27,0)) | D4: =IFERROR(INDEX('📊 Data'!B22:'📊 Data'!B27,MATCH(C4,'📊 Data'!A22:A27,0)),0) | E4: =IFERROR(INDEX('📊 Data'!C22:'📊 Data'!C27,MATCH(C4,'📊 Data'!A22:A27,0)),0) | F4: =IFERROR(INDEX('📊 Data'!D22:'📊 Data'!D27,MATCH(C4,'📊 Data'!A22:A27,0)),0) | G4: =IFERROR(INDEX('📊 Data'!E22:'📊 Data'!E27,MATCH(C4,'📊 Data'!A22:A27,0)),0) | H4: =IFERROR(INDEX('📊 Data'!F22:'📊 Data'!F27,MATCH(C4,'📊 Data'!A22:A27,0)),0) | I4: =IFERROR(INDEX('📊 Data'!G22:'📊 Data'!G27,MATCH(C4,'📊 Data'!A22:A27,0)),0) | J4: =IFERROR(INDEX('📊 Data'!H22:'📊 Data'!H27,MATCH(C4,'📊 Data'!A22:A27,0)),0) | K4: =IFERROR(INDEX('📊 Data'!I22:'📊 Data'!I27,MATCH(C4,'📊 Data'!A22:A27,0)),0)
A5: 2 | B5: 🥈 | C5: =INDEX('📊 Data'!A22:A27,MATCH(LARGE('📊 Data'!K22:K27,2),'📊 Data'!K22:K27,0)) | D5: =IFERROR(INDEX('📊 Data'!B22:'📊 Data'!B27,MATCH(C5,'📊 Data'!A22:A27,0)),0) | E5: =IFERROR(INDEX('📊 Data'!C22:'📊 Data'!C27,MATCH(C5,'📊 Data'!A22:A27,0)),0) | F5: =IFERROR(INDEX('📊 Data'!D22:'📊 Data'!D27,MATCH(C5,'📊 Data'!A22:A27,0)),0) | G5: =IFERROR(INDEX('📊 Data'!E22:'📊 Data'!E27,MATCH(C5,'📊 Data'!A22:A27,0)),0) | H5: =IFERROR(INDEX('📊 Data'!F22:'📊 Data'!F27,MATCH(C5,'📊 Data'!A22:A27,0)),0) | I5: =IFERROR(INDEX('📊 Data'!G22:'📊 Data'!G27,MATCH(C5,'📊 Data'!A22:A27,0)),0) | J5: =IFERROR(INDEX('📊 Data'!H22:'📊 Data'!H27,MATCH(C5,'📊 Data'!A22:A27,0)),0) | K5: =IFERROR(INDEX('📊 Data'!I22:'📊 Data'!I27,MATCH(C5,'📊 Data'!A22:A27,0)),0)
A6: 3 | B6: 🥉 | C6: =INDEX('📊 Data'!A22:A27,MATCH(LARGE('📊 Data'!K22:K27,3),'📊 Data'!K22:K27,0)) | D6: =IFERROR(INDEX('📊 Data'!B22:'📊 Data'!B27,MATCH(C6,'📊 Data'!A22:A27,0)),0) | E6: =IFERROR(INDEX('📊 Data'!C22:'📊 Data'!C27,MATCH(C6,'📊 Data'!A22:A27,0)),0) | F6: =IFERROR(INDEX('📊 Data'!D22:'📊 Data'!D27,MATCH(C6,'📊 Data'!A22:A27,0)),0) | G6: =IFERROR(INDEX('📊 Data'!E22:'📊 Data'!E27,MATCH(C6,'📊 Data'!A22:A27,0)),0) | H6: =IFERROR(INDEX('📊 Data'!F22:'📊 Data'!F27,MATCH(C6,'📊 Data'!A22:A27,0)),0) | I6: =IFERROR(INDEX('📊 Data'!G22:'📊 Data'!G27,MATCH(C6,'📊 Data'!A22:A27,0)),0) | J6: =IFERROR(INDEX('📊 Data'!H22:'📊 Data'!H27,MATCH(C6,'📊 Data'!A22:A27,0)),0) | K6: =IFERROR(INDEX('📊 Data'!I22:'📊 Data'!I27,MATCH(C6,'📊 Data'!A22:A27,0)),0)
A7: 4 | B7: 4️⃣ | C7: =INDEX('📊 Data'!A22:A27,MATCH(LARGE('📊 Data'!K22:K27,4),'📊 Data'!K22:K27,0)) | D7: =IFERROR(INDEX('📊 Data'!B22:'📊 Data'!B27,MATCH(C7,'📊 Data'!A22:A27,0)),0) | E7: =IFERROR(INDEX('📊 Data'!C22:'📊 Data'!C27,MATCH(C7,'📊 Data'!A22:A27,0)),0) | F7: =IFERROR(INDEX('📊 Data'!D22:'📊 Data'!D27,MATCH(C7,'📊 Data'!A22:A27,0)),0) | G7: =IFERROR(INDEX('📊 Data'!E22:'📊 Data'!E27,MATCH(C7,'📊 Data'!A22:A27,0)),0) | H7: =IFERROR(INDEX('📊 Data'!F22:'📊 Data'!F27,MATCH(C7,'📊 Data'!A22:A27,0)),0) | I7: =IFERROR(INDEX('📊 Data'!G22:'📊 Data'!G27,MATCH(C7,'📊 Data'!A22:A27,0)),0) | J7: =IFERROR(INDEX('📊 Data'!H22:'📊 Data'!H27,MATCH(C7,'📊 Data'!A22:A27,0)),0) | K7: =IFERROR(INDEX('📊 Data'!I22:'📊 Data'!I27,MATCH(C7,'📊 Data'!A22:A27,0)),0)
A8: 5 | B8: 5️⃣ | C8: =INDEX('📊 Data'!A22:A27,MATCH(LARGE('📊 Data'!K22:K27,5),'📊 Data'!K22:K27,0)) | D8: =IFERROR(INDEX('📊 Data'!B22:'📊 Data'!B27,MATCH(C8,'📊 Data'!A22:A27,0)),0) | E8: =IFERROR(INDEX('📊 Data'!C22:'📊 Data'!C27,MATCH(C8,'📊 Data'!A22:A27,0)),0) | F8: =IFERROR(INDEX('📊 Data'!D22:'📊 Data'!D27,MATCH(C8,'📊 Data'!A22:A27,0)),0) | G8: =IFERROR(INDEX('📊 Data'!E22:'📊 Data'!E27,MATCH(C8,'📊 Data'!A22:A27,0)),0) | H8: =IFERROR(INDEX('📊 Data'!F22:'📊 Data'!F27,MATCH(C8,'📊 Data'!A22:A27,0)),0) | I8: =IFERROR(INDEX('📊 Data'!G22:'📊 Data'!G27,MATCH(C8,'📊 Data'!A22:A27,0)),0) | J8: =IFERROR(INDEX('📊 Data'!H22:'📊 Data'!H27,MATCH(C8,'📊 Data'!A22:A27,0)),0) | K8: =IFERROR(INDEX('📊 Data'!I22:'📊 Data'!I27,MATCH(C8,'📊 Data'!A22:A27,0)),0)
A9: 6 | B9: 6️⃣ | C9: =INDEX('📊 Data'!A22:A27,MATCH(LARGE('📊 Data'!K22:K27,6),'📊 Data'!K22:K27,0)) | D9: =IFERROR(INDEX('📊 Data'!B22:'📊 Data'!B27,MATCH(C9,'📊 Data'!A22:A27,0)),0) | E9: =IFERROR(INDEX('📊 Data'!C22:'📊 Data'!C27,MATCH(C9,'📊 Data'!A22:A27,0)),0) | F9: =IFERROR(INDEX('📊 Data'!D22:'📊 Data'!D27,MATCH(C9,'📊 Data'!A22:A27,0)),0) | G9: =IFERROR(INDEX('📊 Data'!E22:'📊 Data'!E27,MATCH(C9,'📊 Data'!A22:A27,0)),0) | H9: =IFERROR(INDEX('📊 Data'!F22:'📊 Data'!F27,MATCH(C9,'📊 Data'!A22:A27,0)),0) | I9: =IFERROR(INDEX('📊 Data'!G22:'📊 Data'!G27,MATCH(C9,'📊 Data'!A22:A27,0)),0) | J9: =IFERROR(INDEX('📊 Data'!H22:'📊 Data'!H27,MATCH(C9,'📊 Data'!A22:A27,0)),0) | K9: =IFERROR(INDEX('📊 Data'!I22:'📊 Data'!I27,MATCH(C9,'📊 Data'!A22:A27,0)),0)
A11: V = Victoire (3 pts) · N = Nul (1 pt) · D = Défaite (0 pt) · BP = Buts Pour · BC = Buts Contre

Sheet 📊 Data
A1: Journée | B1: Domicile | C1: ScoreD | D1: ScoreE | E1: Extérieur
A2: 1 | B2: Dan | C2: ='📋 Scores'!C4 | D2: ='📋 Scores'!E4 | E2: Bryan
A3: 1 | B3: Lucas | C3: ='📋 Scores'!C5 | D3: ='📋 Scores'!E5 | E3: Justinio
A4: 1 | B4: Valentin | C4: ='📋 Scores'!C6 | D4: ='📋 Scores'!E6 | E4: Cédric
A5: 2 | B5: Dan | C5: ='📋 Scores'!C9 | D5: ='📋 Scores'!E9 | E5: Justinio
A6: 2 | B6: Bryan | C6: ='📋 Scores'!C10 | D6: ='📋 Scores'!E10 | E6: Cédric
A7: 2 | B7: Lucas | C7: ='📋 Scores'!C11 | D7: ='📋 Scores'!E11 | E7: Valentin
A8: 3 | B8: Dan | C8: ='📋 Scores'!C14 | D8: ='📋 Scores'!E14 | E8: Cédric
A9: 3 | B9: Justinio | C9: ='📋 Scores'!C15 | D9: ='📋 Scores'!E15 | E9: Valentin
A10: 3 | B10: Bryan | C10: ='📋 Scores'!C16 | D10: ='📋 Scores'!E16 | E10: Lucas
A11: 4 | B11: Dan | C11: ='📋 Scores'!C19 | D11: ='📋 Scores'!E19 | E11: Valentin
A12: 4 | B12: Cédric | C12: ='📋 Scores'!C20 | D12: ='📋 Scores'!E20 | E12: Lucas
A13: 4 | B13: Justinio | C13: ='📋 Scores'!C21 | D13: ='📋 Scores'!E21 | E13: Bryan
A14: 5 | B14: Dan | C14: ='📋 Scores'!C24 | D14: ='📋 Scores'!E24 | E14: Lucas
A15: 5 | B15: Valentin | C15: ='📋 Scores'!C25 | D15: ='📋 Scores'!E25 | E15: Bryan
A16: 5 | B16: Cédric | C16: ='📋 Scores'!C26 | D16: ='📋 Scores'!E26 | E16: Justinio
A20: STATS PAR JOUEUR | L20: RANK
A21: Joueur | B21: MJ | C21: V | D21: N | E21: D | F21: BP | G21: BC | H21: Diff | I21: Pts
A22: Dan | B22: =SUMPRODUCT((B2:B16="Dan")*(C2:C16<>"")*(D2:D16<>""))+SUMPRODUCT((E2:E16="Dan")*(C2:C16<>"")*(D2:D16<>"")) | C22: =SUMPRODUCT((B2:B16="Dan")*(C2:C16<>"")*(D2:D16<>"")*(C2:C16>D2:D16))+SUMPRODUCT((E2:E16="Dan")*(C2:C16<>"")*(D2:D16<>"")*(D2:D16>C2:C16)) | D22: =SUMPRODUCT((B2:B16="Dan")*(C2:C16<>"")*(D2:D16<>"")*(C2:C16=D2:D16))+SUMPRODUCT((E2:E16="Dan")*(C2:C16<>"")*(D2:D16<>"")*(C2:C16=D2:D16)) | E22: =SUMPRODUCT((B2:B16="Dan")*(C2:C16<>"")*(D2:D16<>"")*(C2:C16<D2:D16))+SUMPRODUCT((E2:E16="Dan")*(C2:C16<>"")*(D2:D16<>"")*(D2:D16<C2:C16)) | F22: =SUMPRODUCT((B2:B16="Dan")*(C2:C16<>"")*IFERROR(C2:C16*1,0))+SUMPRODUCT((E2:E16="Dan")*(D2:D16<>"")*IFERROR(D2:D16*1,0)) | G22: =SUMPRODUCT((B2:B16="Dan")*(D2:D16<>"")*IFERROR(D2:D16*1,0))+SUMPRODUCT((E2:E16="Dan")*(C2:C16<>"")*IFERROR(C2:C16*1,0)) | H22: =F22-G22 | I22: =C22*3+D22 | K22: =I22+H22/1000+F22/100000
A23: Bryan | B23: =SUMPRODUCT((B2:B16="Bryan")*(C2:C16<>"")*(D2:D16<>""))+SUMPRODUCT((E2:E16="Bryan")*(C2:C16<>"")*(D2:D16<>"")) | C23: =SUMPRODUCT((B2:B16="Bryan")*(C2:C16<>"")*(D2:D16<>"")*(C2:C16>D2:D16))+SUMPRODUCT((E2:E16="Bryan")*(C2:C16<>"")*(D2:D16<>"")*(D2:D16>C2:C16)) | D23: =SUMPRODUCT((B2:B16="Bryan")*(C2:C16<>"")*(D2:D16<>"")*(C2:C16=D2:D16))+SUMPRODUCT((E2:E16="Bryan")*(C2:C16<>"")*(D2:D16<>"")*(C2:C16=D2:D16)) | E23: =SUMPRODUCT((B2:B16="Bryan")*(C2:C16<>"")*(D2:D16<>"")*(C2:C16<D2:D16))+SUMPRODUCT((E2:E16="Bryan")*(C2:C16<>"")*(D2:D16<>"")*(D2:D16<C2:C16)) | F23: =SUMPRODUCT((B2:B16="Bryan")*(C2:C16<>"")*IFERROR(C2:C16*1,0))+SUMPRODUCT((E2:E16="Bryan")*(D2:D16<>"")*IFERROR(D2:D16*1,0)) | G23: =SUMPRODUCT((B2:B16="Bryan")*(D2:D16<>"")*IFERROR(D2:D16*1,0))+SUMPRODUCT((E2:E16="Bryan")*(C2:C16<>"")*IFERROR(C2:C16*1,0)) | H23: =F23-G23 | I23: =C23*3+D23 | K23: =I23+H23/1000+F23/100000
A24: Lucas | B24: =SUMPRODUCT((B2:B16="Lucas")*(C2:C16<>"")*(D2:D16<>""))+SUMPRODUCT((E2:E16="Lucas")*(C2:C16<>"")*(D2:D16<>"")) | C24: =SUMPRODUCT((B2:B16="Lucas")*(C2:C16<>"")*(D2:D16<>"")*(C2:C16>D2:D16))+SUMPRODUCT((E2:E16="Lucas")*(C2:C16<>"")*(D2:D16<>"")*(D2:D16>C2:C16)) | D24: =SUMPRODUCT((B2:B16="Lucas")*(C2:C16<>"")*(D2:D16<>"")*(C2:C16=D2:D16))+SUMPRODUCT((E2:E16="Lucas")*(C2:C16<>"")*(D2:D16<>"")*(C2:C16=D2:D16)) | E24: =SUMPRODUCT((B2:B16="Lucas")*(C2:C16<>"")*(D2:D16<>"")*(C2:C16<D2:D16))+SUMPRODUCT((E2:E16="Lucas")*(C2:C16<>"")*(D2:D16<>"")*(D2:D16<C2:C16)) | F24: =SUMPRODUCT((B2:B16="Lucas")*(C2:C16<>"")*IFERROR(C2:C16*1,0))+SUMPRODUCT((E2:E16="Lucas")*(D2:D16<>"")*IFERROR(D2:D16*1,0)) | G24: =SUMPRODUCT((B2:B16="Lucas")*(D2:D16<>"")*IFERROR(D2:D16*1,0))+SUMPRODUCT((E2:E16="Lucas")*(C2:C16<>"")*IFERROR(C2:C16*1,0)) | H24: =F24-G24 | I24: =C24*3+D24 | K24: =I24+H24/1000+F24/100000
A25: Justinio | B25: =SUMPRODUCT((B2:B16="Justinio")*(C2:C16<>"")*(D2:D16<>""))+SUMPRODUCT((E2:E16="Justinio")*(C2:C16<>"")*(D2:D16<>"")) | C25: =SUMPRODUCT((B2:B16="Justinio")*(C2:C16<>"")*(D2:D16<>"")*(C2:C16>D2:D16))+SUMPRODUCT((E2:E16="Justinio")*(C2:C16<>"")*(D2:D16<>"")*(D2:D16>C2:C16)) | D25: =SUMPRODUCT((B2:B16="Justinio")*(C2:C16<>"")*(D2:D16<>"")*(C2:C16=D2:D16))+SUMPRODUCT((E2:E16="Justinio")*(C2:C16<>"")*(D2:D16<>"")*(C2:C16=D2:D16)) | E25: =SUMPRODUCT((B2:B16="Justinio")*(C2:C16<>"")*(D2:D16<>"")*(C2:C16<D2:D16))+SUMPRODUCT((E2:E16="Justinio")*(C2:C16<>"")*(D2:D16<>"")*(D2:D16<C2:C16)) | F25: =SUMPRODUCT((B2:B16="Justinio")*(C2:C16<>"")*IFERROR(C2:C16*1,0))+SUMPRODUCT((E2:E16="Justinio")*(D2:D16<>"")*IFERROR(D2:D16*1,0)) | G25: =SUMPRODUCT((B2:B16="Justinio")*(D2:D16<>"")*IFERROR(D2:D16*1,0))+SUMPRODUCT((E2:E16="Justinio")*(C2:C16<>"")*IFERROR(C2:C16*1,0)) | H25: =F25-G25 | I25: =C25*3+D25 | K25: =I25+H25/1000+F25/100000
A26: Valentin | B26: =SUMPRODUCT((B2:B16="Valentin")*(C2:C16<>"")*(D2:D16<>""))+SUMPRODUCT((E2:E16="Valentin")*(C2:C16<>"")*(D2:D16<>"")) | C26: =SUMPRODUCT((B2:B16="Valentin")*(C2:C16<>"")*(D2:D16<>"")*(C2:C16>D2:D16))+SUMPRODUCT((E2:E16="Valentin")*(C2:C16<>"")*(D2:D16<>"")*(D2:D16>C2:C16)) | D26: =SUMPRODUCT((B2:B16="Valentin")*(C2:C16<>"")*(D2:D16<>"")*(C2:C16=D2:D16))+SUMPRODUCT((E2:E16="Valentin")*(C2:C16<>"")*(D2:D16<>"")*(C2:C16=D2:D16)) | E26: =SUMPRODUCT((B2:B16="Valentin")*(C2:C16<>"")*(D2:D16<>"")*(C2:C16<D2:D16))+SUMPRODUCT((E2:E16="Valentin")*(C2:C16<>"")*(D2:D16<>"")*(D2:D16<C2:C16)) | F26: =SUMPRODUCT((B2:B16="Valentin")*(C2:C16<>"")*IFERROR(C2:C16*1,0))+SUMPRODUCT((E2:E16="Valentin")*(D2:D16<>"")*IFERROR(D2:D16*1,0)) | G26: =SUMPRODUCT((B2:B16="Valentin")*(D2:D16<>"")*IFERROR(D2:D16*1,0))+SUMPRODUCT((E2:E16="Valentin")*(C2:C16<>"")*IFERROR(C2:C16*1,0)) | H26: =F26-G26 | I26: =C26*3+D26 | K26: =I26+H26/1000+F26/100000
A27: Cédric | B27: =SUMPRODUCT((B2:B16="Cédric")*(C2:C16<>"")*(D2:D16<>""))+SUMPRODUCT((E2:E16="Cédric")*(C2:C16<>"")*(D2:D16<>"")) | C27: =SUMPRODUCT((B2:B16="Cédric")*(C2:C16<>"")*(D2:D16<>"")*(C2:C16>D2:D16))+SUMPRODUCT((E2:E16="Cédric")*(C2:C16<>"")*(D2:D16<>"")*(D2:D16>C2:C16)) | D27: =SUMPRODUCT((B2:B16="Cédric")*(C2:C16<>"")*(D2:D16<>"")*(C2:C16=D2:D16))+SUMPRODUCT((E2:E16="Cédric")*(C2:C16<>"")*(D2:D16<>"")*(C2:C16=D2:D16)) | E27: =SUMPRODUCT((B2:B16="Cédric")*(C2:C16<>"")*(D2:D16<>"")*(C2:C16<D2:D16))+SUMPRODUCT((E2:E16="Cédric")*(C2:C16<>"")*(D2:D16<>"")*(D2:D16<C2:C16)) | F27: =SUMPRODUCT((B2:B16="Cédric")*(C2:C16<>"")*IFERROR(C2:C16*1,0))+SUMPRODUCT((E2:E16="Cédric")*(D2:D16<>"")*IFERROR(D2:D16*1,0)) | G27: =SUMPRODUCT((B2:B16="Cédric")*(D2:D16<>"")*IFERROR(D2:D16*1,0))+SUMPRODUCT((E2:E16="Cédric")*(C2:C16<>"")*IFERROR(C2:C16*1,0)) | H27: =F27-G27 | I27: =C27*3+D27 | K27: =I27+H27/1000+F27/100000
